{
  "project_info": {
    "project_number": "683087043548",
    "project_id": "mealer-161c5",
    "storage_bucket": "mealer-161c5.appspot.com"
  },
  "client": [
    {
      "client_info": {
        "mobilesdk_app_id": "1:683087043548:android:0325b2316274af8735cd19",
        "android_client_info": {
          "package_name": "com.example.mealer"
        }
      },
      "oauth_client": [
        {
          "client_id": "683087043548-133emap225ccivrugie47molc4v8cede.apps.googleusercontent.com",
          "client_type": 3
        }
      ],
      "api_key": [
        {
          "current_key": "AIzaSyCFm9XxyE50avtp9Ytvyi8tykiMsEksDUY"
        }
      ],
      "services": {
        "appinvite_service": {
          "other_platform_oauth_client": [
            {
              "client_id": "683087043548-133emap225ccivrugie47molc4v8cede.apps.googleusercontent.com",
              "client_type": 3
            }
          ]
        }
      }
    }
  ],
  "configuration_version": "1"
}